ID,order_number_id_id,image,date
381,603,payments_to_client/images/603.png,2022-04-29T15:24:21.767654+00:00
380,600,payments_to_client/images/600.png,2022-04-28T18:43:56.454527+00:00
379,599,payments_to_client/images/599.png,2022-04-28T17:09:53.770529+00:00
378,598,payments_to_client/images/598.png,2022-04-28T16:23:12.232560+00:00
377,597,payments_to_client/images/Screenshot_2022-04-26-22-00-28-441_com.whatsapp.jpg,2022-04-27T02:00:50.002818+00:00
376,596,payments_to_client/images/Screenshot_2022-04-26-21-53-07-973_com.android.chrome.jpg,2022-04-27T01:54:27.152603+00:00
375,595,payments_to_client/images/595.png,2022-04-26T17:37:55.931163+00:00
374,594,payments_to_client/images/594.png,2022-04-26T17:26:56.109889+00:00
373,593,payments_to_client/images/593.png,2022-04-26T17:16:40.328064+00:00
372,592,payments_to_client/images/592.png,2022-04-26T17:15:56.308270+00:00
371,589,payments_to_client/images/589.png,2022-04-26T16:45:32.518119+00:00
370,588,payments_to_client/images/588.png,2022-04-26T16:37:11.503935+00:00
369,586,payments_to_client/images/586.png,2022-04-26T14:17:21.526890+00:00
368,585,payments_to_client/images/Screenshot_2022-04-26-09-33-59-008_com.totaltexto.bancamovil.jpg,2022-04-26T13:35:44.864512+00:00
367,584,payments_to_client/images/Screenshot_2022-04-26-08-18-17-805_com.android.chrome.jpg,2022-04-26T12:22:41.781880+00:00
366,583,payments_to_client/images/Screenshot_2022-04-26-08-15-24-328_com.totaltexto.bancamovil.jpg,2022-04-26T12:21:56.257941+00:00
365,582,payments_to_client/images/582.png,2022-04-25T20:45:41.566899+00:00
364,580,payments_to_client/images/580.png,2022-04-25T14:47:33.183024+00:00
363,579,payments_to_client/images/Screenshot_2022-04-24-15-27-11-651_com.android.chrome.jpg,2022-04-24T19:30:16.934117+00:00
362,578,payments_to_client/images/578.png,2022-04-23T14:50:20.495903+00:00
361,577,payments_to_client/images/577.png,2022-04-22T17:26:32.444044+00:00
360,576,payments_to_client/images/IMG_20220422_093037.jpg,2022-04-22T13:34:44.128920+00:00
359,574,payments_to_client/images/574.png,2022-04-21T15:51:30.900434+00:00
358,573,payments_to_client/images/573.png,2022-04-20T19:34:12.146437+00:00
357,572,payments_to_client/images/572.png,2022-04-20T19:31:45.860961+00:00
356,571,payments_to_client/images/571.png,2022-04-20T16:08:47.038914+00:00
355,569,payments_to_client/images/569.png,2022-04-20T14:58:51.112721+00:00
354,568,payments_to_client/images/568.png,2022-04-19T16:08:10.672397+00:00
353,567,payments_to_client/images/567.png,2022-04-19T14:58:19.129547+00:00
352,565,payments_to_client/images/Screenshot_2022-04-19-09-43-41-398_com.android.chrome.jpg,2022-04-19T13:45:38.782087+00:00
351,563,payments_to_client/images/Screenshot_2022-04-19-09-42-09-556_com.android.chrome.jpg,2022-04-19T13:44:46.080563+00:00
350,562,payments_to_client/images/562.png,2022-04-18T21:59:46.843355+00:00
349,561,payments_to_client/images/561.png,2022-04-18T20:32:24.163051+00:00
348,560,payments_to_client/images/560.png,2022-04-18T20:31:27.792377+00:00
347,559,payments_to_client/images/559.png,2022-04-18T20:27:42.876112+00:00
346,557,payments_to_client/images/557_3oibGnT.png,2022-04-18T18:01:25.072036+00:00
345,555,payments_to_client/images/555.png,2022-04-18T17:37:36.775527+00:00
344,554,payments_to_client/images/554.png,2022-04-18T15:26:18.463845+00:00
343,553,payments_to_client/images/553.png,2022-04-18T14:40:37.092253+00:00
342,552,payments_to_client/images/552.png,2022-04-18T14:39:19.877485+00:00
341,548,payments_to_client/images/548.png,2022-04-16T18:16:47.536406+00:00
340,547,payments_to_client/images/547.png,2022-04-16T15:24:28.452373+00:00
339,545,payments_to_client/images/Screenshot_2022-04-15-19-39-32-376_com.whatsapp.jpg,2022-04-15T23:40:39.765044+00:00
338,544,payments_to_client/images/Screenshot_2022-04-15-18-00-50-684_com.whatsapp.jpg,2022-04-15T22:11:41.652587+00:00
337,543,payments_to_client/images/Screenshot_2022-04-15-16-59-44-104_com.whatsapp.jpg,2022-04-15T21:10:51.452759+00:00
336,542,payments_to_client/images/542.png,2022-04-15T18:53:51.901538+00:00
335,541,payments_to_client/images/541.png,2022-04-15T15:00:37.806169+00:00
334,540,payments_to_client/images/540.png,2022-04-14T20:25:51.934977+00:00
333,538,payments_to_client/images/538.png,2022-04-14T20:25:03.567480+00:00
332,539,payments_to_client/images/539.png,2022-04-14T20:19:01.904971+00:00
331,537,payments_to_client/images/537.png,2022-04-14T20:10:29.721519+00:00
330,536,payments_to_client/images/536.png,2022-04-14T18:25:50.667085+00:00
329,532,payments_to_client/images/532.png,2022-04-14T14:51:58.948000+00:00
328,535,payments_to_client/images/535.png,2022-04-13T23:01:26.582756+00:00
327,533,payments_to_client/images/533.png,2022-04-13T22:44:54.947307+00:00
326,531,payments_to_client/images/531.png,2022-04-13T18:40:08.433665+00:00
325,530,payments_to_client/images/IMG_20220413_093941_1.jpg,2022-04-13T13:41:13.628982+00:00
324,529,payments_to_client/images/529.png,2022-04-12T21:55:35.287405+00:00
323,528,payments_to_client/images/528.png,2022-04-12T16:33:51.788001+00:00
322,527,payments_to_client/images/527.png,2022-04-12T15:53:16.971551+00:00
321,526,payments_to_client/images/526.png,2022-04-12T14:37:55.448680+00:00
320,524,payments_to_client/images/524.png,2022-04-12T14:32:32.742296+00:00
319,525,payments_to_client/images/525.png,2022-04-12T14:31:48.256607+00:00
318,523,payments_to_client/images/523.png,2022-04-11T16:19:56.945595+00:00
317,520,payments_to_client/images/520_dFO5hV4.png,2022-04-11T15:56:28.851304+00:00
316,522,payments_to_client/images/522.png,2022-04-11T15:44:53.691138+00:00
315,521,payments_to_client/images/521.png,2022-04-11T15:44:17.893957+00:00
314,519,payments_to_client/images/519.png,2022-04-09T22:34:26.365125+00:00
313,518,payments_to_client/images/518.png,2022-04-09T15:14:52.634698+00:00
312,513,payments_to_client/images/513.png,2022-04-09T14:47:51.790332+00:00
311,515,payments_to_client/images/515.png,2022-04-09T14:42:07.100835+00:00
310,510,payments_to_client/images/510.png,2022-04-09T14:30:44.634974+00:00
309,512,payments_to_client/images/512.png,2022-04-09T14:23:58.051011+00:00
308,511,payments_to_client/images/IMG-20220408-WA0146.jpg,2022-04-09T03:16:11.177554+00:00
307,508,payments_to_client/images/508_KfXrMRq.png,2022-04-08T22:25:26.069256+00:00
306,509,payments_to_client/images/509.png,2022-04-08T21:58:55.748797+00:00
305,505,payments_to_client/images/505.png,2022-04-08T21:32:29.489586+00:00
304,506,payments_to_client/images/506.png,2022-04-08T20:25:07.661362+00:00
303,504,payments_to_client/images/504.png,2022-04-08T16:32:49.511836+00:00
302,501,payments_to_client/images/501.png,2022-04-08T15:59:42.059928+00:00
301,499,payments_to_client/images/499.png,2022-04-07T19:12:06.188589+00:00
300,495,payments_to_client/images/495.png,2022-04-07T16:41:40.101355+00:00
299,496,payments_to_client/images/496.png,2022-04-07T16:40:12.793017+00:00
298,492,payments_to_client/images/492.png,2022-04-06T22:15:04.195395+00:00
297,494,payments_to_client/images/494.png,2022-04-06T22:14:01.098062+00:00
296,493,payments_to_client/images/493.png,2022-04-06T22:00:44.325125+00:00
295,491,payments_to_client/images/491.png,2022-04-06T17:31:36.448766+00:00
294,490,payments_to_client/images/490.png,2022-04-06T17:25:35.293855+00:00
293,489,payments_to_client/images/489.png,2022-04-06T15:41:14.130729+00:00
292,488,payments_to_client/images/Screenshot_2022-04-05-20-05-39-681_com.whatsapp.jpg,2022-04-06T00:06:52.322322+00:00
291,487,payments_to_client/images/487.png,2022-04-05T19:12:10.859551+00:00
290,485,payments_to_client/images/485.png,2022-04-05T15:09:04.738818+00:00
289,483,payments_to_client/images/483.png,2022-04-04T17:36:31.376201+00:00
288,482,payments_to_client/images/Screenshot_2022-04-04-09-38-46-766_com.android.chrome.jpg,2022-04-04T13:39:50.365030+00:00
287,479,payments_to_client/images/479.png,2022-04-02T19:26:24.713728+00:00
286,477,payments_to_client/images/477.png,2022-04-02T15:36:23.969300+00:00
285,476,payments_to_client/images/476.png,2022-04-01T16:42:54.961248+00:00
284,475,payments_to_client/images/475.png,2022-04-01T16:22:51.671473+00:00
283,474,payments_to_client/images/474.png,2022-04-01T15:15:22.611422+00:00
282,472,payments_to_client/images/472.png,2022-04-01T00:29:41.284178+00:00
281,466,payments_to_client/images/466.png,2022-03-31T22:24:11.861307+00:00
280,463,payments_to_client/images/463.png,2022-03-31T22:17:14.737308+00:00
279,462,payments_to_client/images/462.png,2022-03-31T22:14:01.652875+00:00
278,467,payments_to_client/images/467.png,2022-03-31T22:08:17.311285+00:00
277,461,payments_to_client/images/461.png,2022-03-31T19:36:57.203343+00:00
276,460,payments_to_client/images/Screenshot_2022-03-31-10-39-31-088_com.whatsapp.jpg,2022-03-31T14:42:30.463572+00:00
275,459,payments_to_client/images/459.png,2022-03-30T23:26:47.617628+00:00
274,457,payments_to_client/images/457.png,2022-03-30T23:13:02.375887+00:00
273,458,payments_to_client/images/458.png,2022-03-30T23:08:07.878643+00:00
272,456,payments_to_client/images/Screenshot_2022-03-30-17-44-31-315_com.whatsapp.jpg,2022-03-30T21:47:16.432157+00:00
271,455,payments_to_client/images/Screenshot_2022-03-30-15-38-26-315_com.whatsapp.jpg,2022-03-30T19:42:57.448273+00:00
270,454,payments_to_client/images/Screenshot_2022-03-29-19-35-57-410_com.android.chrome.jpg,2022-03-29T23:36:52.291976+00:00
269,453,payments_to_client/images/Screenshot_2022-03-29-14-35-57-741_com.whatsapp.jpg,2022-03-29T18:38:01.932207+00:00
268,450,payments_to_client/images/450.png,2022-03-29T16:55:14.875288+00:00
267,448,payments_to_client/images/Screenshot_2022-03-29-11-35-20-207_com.whatsapp.jpg,2022-03-29T15:37:44.083471+00:00
266,449,payments_to_client/images/449.png,2022-03-29T13:52:42.672775+00:00
265,447,payments_to_client/images/447.png,2022-03-28T21:39:02.001656+00:00
264,446,payments_to_client/images/446.png,2022-03-28T21:38:44.603948+00:00
263,444,payments_to_client/images/IMG-20220328-WA0045.jpg,2022-03-28T19:42:41.639297+00:00
262,445,payments_to_client/images/445.png,2022-03-28T17:17:19.825183+00:00
261,442,payments_to_client/images/442.png,2022-03-28T13:55:37.302687+00:00
260,440,payments_to_client/images/440.png,2022-03-27T15:27:51.375099+00:00
259,439,payments_to_client/images/439.png,2022-03-27T13:14:55.696893+00:00
258,438,payments_to_client/images/Screenshot_2022-03-26-10-10-05-082_com.whatsapp.jpg,2022-03-26T14:10:40.964143+00:00
257,437,payments_to_client/images/Screenshot_2022-03-25-19-16-15-045_com.whatsapp.jpg,2022-03-25T23:17:33.368038+00:00
256,436,payments_to_client/images/IMG-20220325-WA0047.jpg,2022-03-25T22:14:07.939506+00:00
255,435,payments_to_client/images/IMG-20220324-WA0056.jpg,2022-03-24T21:56:42.807978+00:00
254,433,payments_to_client/images/ju.png,2022-03-21T14:33:50+00:00
253,429,payments_to_client/images/429.png,2022-03-21T14:33:50+00:00
252,427,payments_to_client/images/IMG_20220322_094844.jpg,2022-03-21T14:33:50+00:00
251,426,payments_to_client/images/Screenshot_2022-03-22-08-06-17-933_com.whatsapp.jpg,2022-03-21T14:33:50+00:00
250,425,payments_to_client/images/Screenshot_2022-03-21-14-40-04-528_com.whatsapp.jpg,2022-03-21T14:33:50+00:00
249,424,payments_to_client/images/424.png,2022-03-21T14:33:50+00:00
248,418,payments_to_client/images/418.png,2022-03-17T02:09:11+00:00
247,414,payments_to_client/images/IMG-20220318-WA0028.jpg,2022-03-17T02:09:11+00:00
246,413,payments_to_client/images/IMG-20220318-WA0029.jpg,2022-03-17T02:09:11+00:00
245,407,payments_to_client/images/407.png,2022-03-17T02:09:11+00:00
244,405,payments_to_client/images/IMG-20220317-WA0034.jpg,2022-03-17T02:09:11+00:00
243,404,payments_to_client/images/IMG-20220317-WA0033.jpg,2022-03-17T02:09:11+00:00
242,402,payments_to_client/images/402.png,2022-03-17T02:09:11+00:00
241,400,payments_to_client/images/400.png,2022-03-17T02:09:11+00:00
240,399,payments_to_client/images/399.png,2022-03-17T02:09:11+00:00
239,397,payments_to_client/images/397.png,2022-03-17T02:09:11+00:00
238,396,payments_to_client/images/396.png,2022-03-17T02:09:11+00:00
237,395,payments_to_client/images/395.png,2022-03-17T02:09:11+00:00
236,394,payments_to_client/images/394.png,2022-03-16T19:09:49+00:00
235,393,payments_to_client/images/393.png,2022-03-16T19:09:49+00:00
234,392,payments_to_client/images/392.png,2022-03-16T19:09:49+00:00
233,391,payments_to_client/images/391_R.png,2022-03-16T19:09:49+00:00
232,390,payments_to_client/images/390.png,2022-03-16T19:09:49+00:00
231,388,payments_to_client/images/IMG-20220316-WA0048.jpg,2022-03-16T19:09:49+00:00
230,385,payments_to_client/images/IMG-20220315-WA0027.jpg,2022-03-12T02:28:15+00:00
229,377,payments_to_client/images/IMG-20220314-WA0038.jpg,2022-03-12T02:28:15+00:00
228,375,payments_to_client/images/Screenshot_2022-03-14-11-48-23-835_com.whatsapp.jpg,2022-03-12T02:28:15+00:00
227,374,payments_to_client/images/Screenshot_2022-03-14-11-00-41-760_com.whatsapp.jpg,2022-03-12T02:28:15+00:00
226,372,payments_to_client/images/372.png,2022-03-12T02:28:15+00:00
225,371,payments_to_client/images/Screenshot_2022-03-13-11-12-57-358_com.android.chrome.jpg,2022-03-12T02:28:15+00:00
224,365,payments_to_client/images/Screenshot_2022-03-12-19-00-05-001_com.whatsapp.jpg,2022-03-12T02:28:15+00:00
223,364,payments_to_client/images/IMG-20220312-WA0025.jpg,2022-03-12T02:28:15+00:00
222,363,payments_to_client/images/Screenshot_2022-03-12-15-04-35-408_com.whatsapp.jpg,2022-03-12T02:28:15+00:00
221,362,payments_to_client/images/Screenshot_2022-03-12-12-07-22-283_com.whatsapp.jpg,2022-03-12T02:28:15+00:00
220,361,payments_to_client/images/Screenshot_2022-03-12-10-05-36-831_com.android.chrome.jpg,2022-03-12T02:28:15+00:00
219,359,payments_to_client/images/359.png,2022-03-10T14:32:21+00:00
218,357,payments_to_client/images/357.png,2022-03-10T14:32:21+00:00
217,355,payments_to_client/images/355.png,2022-03-10T14:32:21+00:00
216,354,payments_to_client/images/Screenshot_2022-03-11-08-17-51-249_com.android.chrome.jpg,2022-03-10T14:32:21+00:00
215,353,payments_to_client/images/IMG-20220310-WA0041.jpg,2022-03-10T14:32:21+00:00
214,352,payments_to_client/images/IMG-20220310-WA0034.jpg,2022-03-10T14:32:21+00:00
213,351,payments_to_client/images/351.png,2022-03-10T14:32:21+00:00
212,350,payments_to_client/images/Screenshot_2022-03-10-10-46-55-708_com.android.chrome.jpg,2022-03-10T14:32:21+00:00
211,348,payments_to_client/images/IMG-20220309-WA0038.jpg,2022-03-09T21:31:52+00:00
210,347,payments_to_client/images/IMG-20220309-WA0034.jpg,2022-03-09T21:31:52+00:00
209,345,payments_to_client/images/345.png,2022-02-22T02:06:45+00:00
208,342,payments_to_client/images/Screenshot_2022-03-07-12-36-33-245_com.whatsapp.jpg,2022-02-22T02:06:45+00:00
207,340,payments_to_client/images/Screenshot_2022-03-06-14-59-15-747_com.android.chrome.jpg,2022-02-22T02:06:45+00:00
206,339,payments_to_client/images/Screenshot_2022-03-06-14-52-31-678_com.android.chrome.jpg,2022-02-22T02:06:45+00:00
205,338,payments_to_client/images/Screenshot_2022-03-06-13-36-54-375_com.android.chrome.jpg,2022-02-22T02:06:45+00:00
204,334,payments_to_client/images/IMG-20220305-WA0008.jpg,2022-02-22T02:06:45+00:00
203,279,payments_to_client/images/IMG-20220304-WA0056_VFhhRzd.jpg,2022-02-22T02:06:45+00:00
202,333,payments_to_client/images/IMG-20220304-WA0050.jpg,2022-02-22T02:06:45+00:00
201,332,payments_to_client/images/IMG-20220304-WA0025.jpg,2022-02-22T02:06:45+00:00
200,331,payments_to_client/images/IMG-20220304-WA0024.jpg,2022-02-22T02:06:45+00:00
199,328,payments_to_client/images/328.png,2022-02-22T02:06:45+00:00
198,329,payments_to_client/images/329.png,2022-02-22T02:06:45+00:00
197,326,payments_to_client/images/WhatsApp_Image_2022-03-03_at_6.23.24_PM.jpeg,2022-02-22T02:06:45+00:00
196,323,payments_to_client/images/Screenshot_2022-03-03-17-56-18-310_com.banesco.samfbancamovilunificada.jpg,2022-02-22T02:06:45+00:00
195,321,payments_to_client/images/Screenshot_2022-03-03-16-49-26-099_com.whatsapp.jpg,2022-02-22T02:06:45+00:00
194,320,payments_to_client/images/320.png,2022-02-22T02:06:45+00:00
193,319,payments_to_client/images/319.png,2022-02-22T02:06:45+00:00
192,318,payments_to_client/images/318.png,2022-02-22T02:06:45+00:00
191,317,payments_to_client/images/316.png,2022-02-22T02:06:45+00:00
190,314,payments_to_client/images/314.png,2022-02-22T02:06:45+00:00
189,315,payments_to_client/images/315.png,2022-02-22T02:06:45+00:00
188,313,payments_to_client/images/313.png,2022-02-22T02:06:45+00:00
187,312,payments_to_client/images/312.png,2022-02-22T02:06:45+00:00
186,311,payments_to_client/images/311.png,2022-02-22T02:06:45+00:00
185,310,payments_to_client/images/IMG-20220301-WA0027.jpg,2022-02-22T02:06:45+00:00
184,309,payments_to_client/images/IMG-20220301-WA0013.jpg,2022-02-22T02:06:45+00:00
183,308,payments_to_client/images/208.png,2022-02-22T02:06:45+00:00
182,305,payments_to_client/images/305.png,2022-02-22T02:06:45+00:00
181,304,payments_to_client/images/304.png,2022-02-22T02:06:45+00:00
180,303,payments_to_client/images/303.png,2022-02-22T02:06:45+00:00
179,302,payments_to_client/images/orden_302.png,2022-02-22T02:06:45+00:00
178,301,payments_to_client/images/Screenshot_2022-02-28-17-08-35-414_com.whatsapp.jpg,2022-02-22T02:06:45+00:00
177,300,payments_to_client/images/Screenshot_2022-02-28-17-07-18-641_com.whatsapp.jpg,2022-02-22T02:06:45+00:00
176,297,payments_to_client/images/orden_297.png,2022-02-22T02:06:45+00:00
175,298,payments_to_client/images/orden_298.png,2022-02-22T02:06:45+00:00
174,296,payments_to_client/images/orden_296.png,2022-02-22T02:06:45+00:00
173,295,payments_to_client/images/orden295.png,2022-02-22T02:06:45+00:00
172,292,payments_to_client/images/IMG-20220226-WA0021.jpg,2022-02-22T02:06:45+00:00
171,291,payments_to_client/images/orden_291.png,2022-02-22T02:06:45+00:00
170,290,payments_to_client/images/Screenshot_2022-02-25-18-42-34-444_com.whatsapp.jpg,2022-02-22T02:06:45+00:00
169,288,payments_to_client/images/IMG-20220225-WA0025.jpg,2022-02-22T02:06:45+00:00
168,287,payments_to_client/images/Screenshot_2022-02-24-17-31-16-410_com.whatsapp.jpg,2022-02-22T02:06:45+00:00
167,286,payments_to_client/images/ORDEN_286.png,2022-02-22T02:06:45+00:00
166,285,payments_to_client/images/596.png,2022-02-22T02:06:45+00:00
165,281,payments_to_client/images/281.png,2022-02-22T02:06:45+00:00
164,282,payments_to_client/images/282.png,2022-02-22T02:06:45+00:00
163,280,payments_to_client/images/Screenshot_2022-02-20-19-40-04-981_com.android.chrome.jpg,2022-02-16T21:54:00+00:00
162,278,payments_to_client/images/WhatsApp_Image_2022-02-19_at_12.05.24_PM.jpeg,2022-02-16T21:54:00+00:00
161,277,payments_to_client/images/IMG-20220218-WA0042.jpg,2022-02-16T21:54:00+00:00
160,275,payments_to_client/images/IMG-20220218-WA0036.jpg,2022-02-16T21:54:00+00:00
159,274,payments_to_client/images/530_efren.png,2022-02-16T21:54:00+00:00
158,273,payments_to_client/images/Screenshot_2022-02-18-15-08-53-436_com.whatsapp.jpg,2022-02-16T21:54:00+00:00
157,272,payments_to_client/images/74041_AA.png,2022-02-16T21:54:00+00:00
156,271,payments_to_client/images/WhatsApp_Image_2022-02-16_at_7.57.51_PM.jpeg,2022-02-16T21:54:00+00:00
155,264,payments_to_client/images/WhatsApp_Image_2022-02-16_at_6.09.43_PM.jpeg,2022-02-16T21:54:00+00:00
154,269,payments_to_client/images/557.png,2022-02-16T17:40:53+00:00
153,267,payments_to_client/images/1648.png,2022-02-15T23:03:05+00:00
152,266,payments_to_client/images/18401.png,2022-02-15T23:03:05+00:00
151,265,payments_to_client/images/9214.png,2022-02-15T23:03:05+00:00
150,263,payments_to_client/images/164_d.png,2022-02-15T23:03:05+00:00
149,261,payments_to_client/images/1435_d.png,2022-02-15T23:03:05+00:00
148,260,payments_to_client/images/1025_z.png,2022-02-15T23:03:05+00:00
147,259,payments_to_client/images/Screenshot_2022-02-15-19-31-54-550_com.android.chrome.jpg,2022-02-15T23:03:05+00:00
145,257,payments_to_client/images/yofrranny_525.png,2022-02-15T16:23:27+00:00
144,255,payments_to_client/images/HAMRY_183.png,2022-02-15T16:23:27+00:00
143,253,payments_to_client/images/roxana_525.png,2022-02-13T00:41:41+00:00
142,254,payments_to_client/images/205.png,2022-02-13T00:41:41+00:00
141,252,payments_to_client/images/9345.png,2022-02-13T00:41:41+00:00
140,251,payments_to_client/images/105.png,2022-02-13T00:41:41+00:00
139,249,payments_to_client/images/ALEXIS_AP.png,2022-02-13T00:41:41+00:00
138,244,payments_to_client/images/IMG-20220214-WA0005.jpg,2022-02-13T00:41:41+00:00
137,243,payments_to_client/images/IMG-20220212-WA0013.jpg,2022-02-06T22:48:02+00:00
136,242,payments_to_client/images/IMG-20220211-WA0004.jpg,2022-02-06T22:48:02+00:00
135,240,payments_to_client/images/IMG-20220210-WA0011.jpg,2022-02-06T22:48:02+00:00
134,241,payments_to_client/images/IMG-20220210-WA0008.jpg,2022-02-06T22:48:02+00:00
133,237,payments_to_client/images/1524.png,2022-02-06T22:48:02+00:00
132,238,payments_to_client/images/508.png,2022-02-06T22:48:02+00:00
131,236,payments_to_client/images/IMG-20220209-WA0006.jpg,2022-02-06T22:48:02+00:00
130,235,payments_to_client/images/WhatsApp_Image_2022-02-09_at_1.01.09_PM.jpeg,2022-02-06T22:48:02+00:00
129,233,payments_to_client/images/IMG-20220207-WA0082.jpg,2022-02-06T22:48:02+00:00
128,232,payments_to_client/images/WhatsApp_Image_2022-02-07_at_11.05.14_AM.jpeg,2022-02-06T22:48:02+00:00
122,225,/media/payments_to_client/images/Screenshot_2022-02-05-13-51-04-121_com.android.chrome.jpg,2022-01-20T00:05:25+00:00
121,224,/media/payments_to_client/images/Screenshot_2022-02-05-10-19-29-189_com.banesco.samfbanc_kZzYuZc.jpg,2022-01-20T00:05:25+00:00
120,223,/media/payments_to_client/images/520.png,2022-01-20T00:05:25+00:00
119,222,/media/payments_to_client/images/Screenshot_2022-02-04-14-14-34-733_com.whatsapp_scZ3HPm.jpg,2022-01-20T00:05:25+00:00
118,220,/media/payments_to_client/images/Screenshot_2022-02-04-14-14-34-733_com.whatsapp.jpg,2022-01-20T00:05:25+00:00
117,221,/media/payments_to_client/images/156.png,2022-01-20T00:05:25+00:00
116,219,/media/payments_to_client/images/10047.png,2022-01-20T00:05:25+00:00
115,218,/media/payments_to_client/images/2104.png,2022-01-20T00:05:25+00:00
114,217,/media/payments_to_client/images/263.png,2022-01-20T00:05:25+00:00
113,216,/media/payments_to_client/images/795.png,2022-01-20T00:05:25+00:00
112,215,/media/payments_to_client/images/IMG-20220202-WA0003.jpg,2022-01-20T00:05:25+00:00
111,213,/media/payments_to_client/images/IMG-20220201-WA0068.jpg,2022-01-20T00:05:25+00:00
110,212,/media/payments_to_client/images/clara_1166.png,2022-01-20T00:05:25+00:00
109,211,/media/payments_to_client/images/IMG-20220201-WA0004.jpg,2022-01-20T00:05:25+00:00
108,210,/media/payments_to_client/images/4701_BETTY.png,2022-01-20T00:05:25+00:00
107,208,/media/payments_to_client/images/5171_j.png,2022-01-20T00:05:25+00:00
106,209,/media/payments_to_client/images/212_gina.png,2022-01-20T00:05:25+00:00
105,207,/media/payments_to_client/images/159.png,2022-01-20T00:05:25+00:00
104,206,/media/payments_to_client/images/1076.png,2022-01-20T00:05:25+00:00
103,205,/media/payments_to_client/images/IMG-20220131-WA0018.jpg,2022-01-20T00:05:25+00:00
102,204,/media/payments_to_client/images/IMG-20220130-WA0011.jpg,2022-01-20T00:05:25+00:00
101,202,/media/payments_to_client/images/4304.png,2022-01-20T00:05:25+00:00
100,200,/media/payments_to_client/images/IMG-20220129-WA0007.jpg,2022-01-20T00:05:25+00:00
99,199,/media/payments_to_client/images/IMG-20220128-WA0016.jpg,2022-01-20T00:05:25+00:00
98,198,/media/payments_to_client/images/IMG-20220128-WA0008.jpg,2022-01-20T00:05:25+00:00
97,197,/media/payments_to_client/images/4624.png,2022-01-20T00:05:25+00:00
96,195,/media/payments_to_client/images/IMG-20220127-WA0034.jpg,2022-01-20T00:05:25+00:00
95,194,/media/payments_to_client/images/IMG-20220127-WA0011.jpg,2022-01-20T00:05:25+00:00
94,193,/media/payments_to_client/images/IMG-20220126-WA0032.jpg,2022-01-20T00:05:25+00:00
93,192,/media/payments_to_client/images/IMG-20220125-WA0007.jpg,2022-01-20T00:05:25+00:00
92,191,/media/payments_to_client/images/WhatsApp_Image_2022-01-24_at_12.33.09_PM.jpeg,2022-01-20T00:05:25+00:00
91,190,/media/payments_to_client/images/IMG-20220121-WA0073.jpg,2022-01-20T00:05:25+00:00
90,189,/media/payments_to_client/images/IMG-20220121-WA0059.jpg,2022-01-20T00:05:25+00:00
89,188,/media/payments_to_client/images/pago.jpg,2022-01-20T00:05:25+00:00
88,186,/media/payments_to_client/images/13036.png,2022-01-20T00:05:25+00:00
87,185,/media/payments_to_client/images/106_IRMA.png,2022-01-18T00:05:18+00:00
86,184,/media/payments_to_client/images/IMG-20220118-WA0004.jpg,2022-01-18T00:05:18+00:00
85,183,/media/payments_to_client/images/IMG-20220117-WA0069.jpg,2022-01-17T00:01:51+00:00
84,182,/media/payments_to_client/images/IMG-20220117-WA0012.jpg,2022-01-17T00:01:51+00:00
83,181,/media/payments_to_client/images/IMG-20220117-WA0007.jpg,2022-01-17T00:01:51+00:00
82,178,/media/payments_to_client/images/IMG-20220116-WA0045.jpg,2022-01-17T00:01:51+00:00
81,179,/media/payments_to_client/images/Screenshot_2022-01-16-19-02-09-753_com.bancodevenezuela_BG3z4By.jpg,2022-01-16T00:01:49+00:00
80,177,/media/payments_to_client/images/Screenshot_2022-01-16-14-13-27-058_com.bancodevenezuela_XJvc6Fp.jpg,2022-01-16T00:01:49+00:00
79,176,/media/payments_to_client/images/Screenshot_2022-01-16-08-48-19-667_com.bancodevenezuela_QvGyrNS.jpg,2022-01-16T00:01:49+00:00
78,173,/media/payments_to_client/images/Screenshot_2022-01-16-08-02-06-091_com.totaltexto.bancamovil.jpg,2022-01-16T00:01:49+00:00
77,170,/media/payments_to_client/images/WhatsApp_Image_2022-01-15_at_1.30.56_PM.jpeg,2022-01-15T00:14:33+00:00
76,167,/media/payments_to_client/images/WhatsApp_Image_2022-01-13_at_11.46.19_AM.jpeg,2022-01-13T00:00:26+00:00
75,166,/media/payments_to_client/images/WhatsApp_Image_2022-01-13_at_8.44.50_AM.jpeg,2022-01-13T00:00:26+00:00
74,165,/media/payments_to_client/images/3181.png,2022-01-12T00:15:58+00:00
73,161,/media/payments_to_client/images/WhatsApp_Image_2022-01-11_at_2.00.17_PM.jpeg,2022-01-11T00:02:01+00:00
72,158,/media/payments_to_client/images/WhatsApp_Image_2022-01-11_at_9.57.58_AM.jpeg,2022-01-11T00:02:01+00:00
71,157,/media/payments_to_client/images/WhatsApp_Image_2022-01-10_at_10.02.43_PM.jpeg,2022-01-11T00:02:01+00:00
70,155,/media/payments_to_client/images/WhatsApp_Image_2022-01-10_at_6.36.10_PM.jpeg,2022-01-10T15:35:10+00:00
69,154,/media/payments_to_client/images/WhatsApp_Image_2022-01-10_at_6.30.50_PM.jpeg,2022-01-10T15:35:10+00:00
68,152,/media/payments_to_client/images/IMG-20220109-WA0023.jpg,2022-01-09T00:00:05+00:00
67,151,/media/payments_to_client/images/4252.png,2022-01-08T00:00:06+00:00
66,150,/media/payments_to_client/images/2.49629.png,2022-01-08T00:00:06+00:00
65,149,/media/payments_to_client/images/IMG-20220107-WA0071.jpg,2022-01-07T00:00:19+00:00
64,148,/media/payments_to_client/images/IMG-20220107-WA0062.jpg,2022-01-07T00:00:19+00:00
63,147,/media/payments_to_client/images/3177.png,2022-01-07T00:00:19+00:00
62,145,/media/payments_to_client/images/Transferencia_nro._20077452149._07-01-2022_08_11_38AM.png,2022-01-07T00:00:19+00:00
61,143,/media/payments_to_client/images/WhatsApp_Image_2022-01-06_at_6.48.52_PM.jpeg,2022-01-06T00:00:55+00:00
60,142,/media/payments_to_client/images/WhatsApp_Image_2022-01-06_at_5.53.33_PM.jpeg,2022-01-06T00:00:55+00:00
59,141,/media/payments_to_client/images/LESBIA_50_.png,2022-01-06T00:00:55+00:00
58,140,/media/payments_to_client/images/1608_prov.png,2022-01-06T00:00:55+00:00
57,138,/media/payments_to_client/images/IMG-20220105-WA0051.jpg,2022-01-05T00:12:19+00:00
56,136,/media/payments_to_client/images/WhatsApp_Image_2022-01-04_at_10.52.44_PM.jpeg,2022-01-05T00:12:19+00:00
55,135,/media/payments_to_client/images/IMG-20220104-WA0076.jpg,2022-01-04T00:03:02+00:00
54,134,/media/payments_to_client/images/IMG-20220104-WA0041.jpg,2022-01-04T00:03:02+00:00
53,131,/media/payments_to_client/images/IMG-20220103-WA0065.jpg,2022-01-04T00:03:02+00:00
52,130,/media/payments_to_client/images/IMG-20220103-WA0030.jpg,2022-01-03T00:06:03+00:00
51,129,/media/payments_to_client/images/IMG-20220103-WA0019.jpg,2022-01-03T00:06:03+00:00
50,128,/media/payments_to_client/images/IMG-20220103-WA0013.jpg,2022-01-03T00:06:03+00:00
49,127,/media/payments_to_client/images/IMG-20220103-WA0008.jpg,2022-01-03T00:06:03+00:00
47,121,/media/payments/images/IMG-20211231-WA0047.jpg,2021-12-31T00:16:24+00:00
46,119,/media/payments/images/IMG-20211231-WA0026.jpg,2021-12-31T00:16:24+00:00
45,118,/media/payments/images/IMG-20211231-WA0021.jpg,2021-12-31T00:16:24+00:00
44,117,/media/payments/images/IMG-20211230-WA0098.jpg,2021-12-30T00:09:56+00:00
43,115,/media/payments/images/IMG-20211230-WA0094.jpg,2021-12-30T00:09:56+00:00
42,116,/media/payments/images/IMG-20211230-WA0091.jpg,2021-12-30T00:09:56+00:00
41,114,/media/payments/images/IMG-20211230-WA0070.jpg,2021-12-30T00:09:56+00:00
40,113,/media/payments/images/IMG-20211229-WA0036.jpg,2021-12-29T00:05:51+00:00
39,111,/media/payments/images/WhatsApp_Image_2021-12-28_at_10.20.57_AM.jpeg,2021-12-28T00:15:26+00:00
38,108,/media/payments/images/IMG-20211227-WA0021.jpg,2021-12-27T00:04:57+00:00
36,104,/media/payments/images/IMG-20211227-WA0000.jpg,2021-12-27T00:04:57+00:00
35,103,/media/payments/images/IMG-20211224-WA0104.jpg,2021-12-24T00:08:56+00:00
34,102,/media/payments/images/IMG-20211224-WA0070.jpg,2021-12-24T00:08:56+00:00
33,101,/media/payments/images/IMG-20211222-WA0034.jpg,2021-12-22T00:26:16+00:00
32,100,/media/payments/images/WhatsApp_Image_2021-12-22_at_10.14.33_AM.jpeg,2021-12-22T00:26:16+00:00
31,97,/media/payments/images/WhatsApp_Image_2021-12-20_at_11.39.50_AM.jpeg,2021-12-20T00:26:15+00:00
30,96,/media/payments/images/WhatsApp_Image_2021-12-19_at_3.05.31_PM.jpeg,2021-12-19T00:28:11+00:00
29,95,/media/payments/images/WhatsApp_Image_2021-12-18_at_9.14.25_AM.jpeg,2021-12-18T00:12:25+00:00
28,94,/media/payments/images/IMG-20211217-WA0007.jpg,2021-12-17T00:26:47+00:00
26,86,/media/payments/images/IMG-20211214-WA0047.jpg,2021-12-14T00:00:30+00:00
24,82,/media/payments/images/WhatsApp_Image_2021-12-11_at_11.17.32_AM.jpeg,2021-12-11T00:22:53+00:00
